id,requester_id,submitter_id,created_at,subject,status,organization_id,assignee_id,brand_id,external_id,group_id,recipient,updated_at,followup_ids,custom_fields_Call Duration,custom_fields_Firma,custom_fields_Call End,custom_fields_Call Start,satisfaction_rating_assignee_id,satisfaction_rating_created_at,satisfaction_rating_group_id,satisfaction_rating_id,satisfaction_rating_requester_id,satisfaction_rating_score,satisfaction_rating_ticket_id,satisfaction_rating_updated_at,satisfaction_rating_url,via_channel,via_source_from_address,via_source_from_name,via_source_from_rel,via_source_to_name,via_source_to_address
316890,"4,99654E+12","4,99654E+12",2022-04-13T00:08:40Z,Aufforderung zur Löschung von rechtswidrigen Bewertungen,new,,,"4,54651E+12",,"4,63794E+12",support@brand2.com,2022-04-13T08:29:19Z,[], None, None, None, None, None, None, None, None, None, unoffered, None, None, None,email, chris.meier@legales.com,chris meier,None, New Work SE,support@brand2.com
316888,"4,54E+12","4,54E+12",2022-04-12T22:46:15Z,Nachfrage Freischaltung Firmenprofil,new,,,"4,54651E+12",,"4,63793E+12",support@brand2.com,2022-04-12T22:46:15Z,[], None, None, None, None, None, None, None, None, None, unoffered, None, None, None,email, sophie.bird@company.com,Sophie Bird,None, New Work SE,support@brand2.com
316886,"4,99797E+12","4,99797E+12",2022-04-12T20:50:47Z,123/11 - Futter GmbH ./. brand2,new,,,"4,54651E+12",,"4,63794E+12",support@brand2.com,2022-04-13T08:28:43Z,[], None, None, None, None, None, None, None, None, None, unoffered, None, None, None,email, m.schmitt@anwalt.de,m.schmitt,None, New Work SE,support@brand2.com
316577,"4,54001E+12","4,54001E+12",2022-04-12T10:45:10Z,Neuer Anruf von +4930123456789,open,,,"3,60005E+11",,"1,9E+12",support@brand1-nw.cstool.com,2022-04-12T13:40:20Z,[], None, None, None, None, None, None, None, None, None, unoffered, None, None, None,api,None,None,None,,
316333,"1,90324E+12","1,90324E+12",2022-04-12T06:50:32Z,Neuer Anruf von +49405555522,solved,"4,73917E+12","1,90324E+12","3,60005E+11",,"1,9E+12",support@brand1-nw.cstool.com,2022-04-12T06:51:53Z,[], None, None, None, None, None, None, None, None, None, unoffered, None, None, None,api,None,None,None,,
316291,"4,8463E+12","1,90324E+12",2022-04-12T05:24:02Z,Ihre Anfrage zu Ihrem Firmen Arbeitgeberprofil,solved,,"4,6037E+12","3,60005E+11",,"3,60011E+11",customer.support@brand1.com,2022-04-13T12:43:50Z,[], None, None, None, None, None, None, None, None, None, unoffered, None, None, None,email, a.mueller@firma.de,Anton Müller,None, New Work SE,customer.support@brand1.com
308294,"3,93004E+11","3,93004E+11",2022-04-11T17:42:52Z,An User has been deleted,solved,,"3,88023E+11","3,60005E+11",,"3,60011E+11",customer.support@brand1.com,2022-04-12T20:02:17Z,[], None, None, None, None, None, None, None, None, None, offered, None, None, None,email, no-reply@mail.brand1.com,No-reply,None, New Work SE,customer.support@brand1.com
